招银n,苏沛丰n,凯基n,陈浩n,H股n,邮件n,策略师n,转向v,港股n,卖盘v,
办理n,托管人n,香港地区n,销售v,基金n,业务流程n,持有人n,法律法规n,基金业n,业务n,
磁石n,实证v,学者n,阻碍v,应付v,率变v,速率n,反例n,难题n,开盘价n,
文汇报n,促请v,适用v,股通n,练习v,届满v,结转v,落盘v,新盘n,用尽v,
通关v,定于v,降速n,测试v,提速v,证券网n,分公司n,全网n,上海证券交易所n,统一安排n,
通关v,就绪v,认购v,接收v,测试v,分公司n,降速n,全网n,测试环境n,据介绍n,
现金支付n,开放式n,基金n,赎回v,对公n,方法n,证券报n,分为v,核心作用n,理智n,
盘面n,巨丰n,猛增v,吴利军n,抵抗v,发票n,彩票n,化工n,权重股n,低估v,
登场n,热议n,特邀n,亮相n,调查v,参与v,新浪n,财经n,引发v,交易日n,
全面n,标的n,触发v,熔断v,范围n,指数n,扩大v,交易n,新浪n,财经n,
研究成果n,追涨v,回报率n,层所n,牵引v,分时图n,企图n,压抑v,交错v,苏黎世n,
撤单v,出借v,归还v,收盘价n,下单n,结束v,借入v,顺延v,赎需v,撮合v,
误解v,毋需n,英大n,指跌v,增持v,理解v,单日n,扩大v,全面n,属于v,
撤单v,出借v,归还v,结束v,下单n,净增v,绝迹n,年报n,窗口期n,收缩v,
获强v,演变v,要跌v,几率n,放心v,弱势n,承受力n,估计不足v,弄不好v,破位v,
结算价n,交割日n,经济日报n,何川n,修订版n,实施细则n,归纳v,要点n,股票交易n,市场秩序n,
不到v,暴跌v,开盘v,新浪n,财经n,触发v,消息n,熔断v,股指n,收盘n,
网传n,实盘v,财经报道n,声明n,自动v,官方n,网站n,新浪n,账户n,全部n,
转让v,减持v,请问v,流通v,股份n,协议n,比例n,合法权益n,途径n,有序n,
看涨v,国元n,中信证券n,华融n,沪综指n,收挫v,首度n,物流n,收盘报n,财评人n,
刘询n,受访v,调仓v,谈道v,保险公司n,首现v,颇感v,致使v,重蹈n,修复v,
成品油n,油价n,天花板n,消费者n,公平n,没能v,颜面n,做足v,前戏n,症状n,
德银n,美股讯n,设在v,二者n,只用v,换取v,宝盛n,编译v,刺激v,忧虑v,
减令v,还原v,多达n,收盘价格n,世纪n,监事n,管理人员n,减持v,董事n,编者按n,
老张n,阿信n,林存n,斜率n,减仓v,仓位n,不动v,口气n,时刻n,历史性n,
夏春n,严弘n,磁石n,周艾琳n,互斥v,设定v,短时间n,公司债券n,适用性n,加重v,
外币n,存量n,B股n,外管局n,现钞n,支付v,盼来v,回购v,开展v,常备n,
须知n,邓海清n,投资人n,大限n,采用v,考察v,放宽v,收悉v,深度n,询问v,
黄岑栋n,国金n,杨玲n,开会讨论n,实在v,林采宜n,新生事物n,颇具v,管理中心n,占款v,
转让v,减持v,请问v,流通v,股份n,协议n,比例n,合法权益n,途径n,有序n,
收工n,高开n,抛券n,补券n,寄望v,休息v,放宽v,金陵n,晚报n,胡春春n,
出手v,翻红v,跳空v,开高v,传递v,憧憬v,微调n,张颖国n,本报讯n,疑拟v,
余丰慧n,发热v,头脑n,避免出现v,宝贵n,借鉴v,大关n,案例n,停盘v,闲着v,
面向n,游说n,基金业n,消息人士n,获悉v,反馈v,请求v,高层n,协会n,改进v,
服务业n,活动v,想起v,减振v,摘取v,中国外汇交易中心n,美元汇率n,新汇n,降幅n,最低点n,
超越v,跌速n,破坏力n,点位n,受伤v,剧情n,地量n,自救v,拉升v,颠覆v,
但斌n,微博n,击鼓v,传花n,游戏n,鼓声n,致命性n,生涯n,哲学n,深入v,
彭博社n,消息人士n,时隔n,再次出现v,援引v,红盘n,现货n,低开v,扩大v,召开v,
同步性n,肥肉n,游戏规则n,血腥味n,空头n,地基n,格隆n,黄金时间n,改写v,敏锐地n,
民生n,名义n,奇怪v,纠正v,国于民n,着想v,制造v,人为n,愿意v,股灾n,
时称n,环球时报n,确有v,应该v,方案n,休市v,讨论v,采访v,制度n,经济学家n,
迅雷n,财经界n,定势n,波及n,叶檀n,当量n,比羊n,逃光v,精准n,击中v,
京报n,加班v,下班v,事儿n,洪峰n,客户经理n,减持v,河南省n,洛阳市n,跌穿v,
政事n,肖钢n,继开v,立法权n,署名v,篇文章n,震动v,大陆n,防控v,套牢n,
线路n,收回v,资源配置n,保险丝n,指示v,评论部n,王亚斌n,吴志伟n,复杂性n,老化n,
刘军n,仓位n,虞斯n,手慢n,想卖v,居于v,征兆n,草草n,懊恼v,调下来v,
赵先生n,兴奋v,股民n,段子n,李智n,享受v,被窝n,小张n,好友n,发来v,
分歧n,有效性n,实际意义n,谢宏辰n,预言v,言中n,脱离v,专家学者n,北京大学n,曹凤岐n,
布雷n,时说n,交易商n,波幅n,参考消息n,媒称n,发明者n,安全网n,财长n,尼古拉斯n,
外汇储备n,稻葵n,死守v,纠错v,用钱v,保持稳定n,谭志娟n,清华大学n,和讯网n,经营报n,
罗杰斯n,谈到v,女儿n,吉姆n,畅谈v,现场n,答问v,话题n,医药n,污染v,
问责n,想想v,姜洪n,花费n,二度n,放眼v,热词n,满天飞n,愤怒v,民意n,
司迪n,新文化n,宋清辉n,肖钢n,李剑阁n,董登新n,办公厅n,账面n,人才n,主席n,
锁仓v,乐晟n,巩怀志n,清盘n,金子n,躁动v,李光n,略有v,转好v,嗅到v,
李康n,习惯n,左永刚n,推行v,附加v,充分考虑n,现实情况n,大力发展n,因势利导n,冲动型n,
万科n,宝能系n,地产n,复牌v,重组v,双方n,H股n,振华n,评级v,为首v,
开发商n,房源n,楼盘n,面积n,新规n,涨价n,申报n,江北n,南京n,预售v,
书院n,物业n,顶级n,豪宅n,单价n,客群n,现房n,城市n,核心区n,飙涨v,
商品n,期权n,期货n,定价权n,黑天鹅n,商品价格n,废掉v,呼声n,服务v,创新v,
看坏v,看图v,三观n,逆转v,已知v,本周一n,周刊n,胡东辉n,替罪羊n,洗刷v,
调研v,概念股n,众生n,药业n,张道达n,排排v,数据中心n,结构化n,逊色n,山东n,
增长率n,星海n,承认v,达沃斯n,中国政府n,篮子n,金融风险n,做到v,无缝n,总需求n,
星海n,王彤n,达沃斯n,表达v,李维n,思路n,宽容度n,静默n,动用n,授信v,
苏州n,晶讯n,供货n,熔断器n,航天n,宇航n,军用n,证书n,董事会n,资格n,
保本n,小姐n,窟窿n,任泽平n,朱平n,特质n,柏可林n,告别v,填平n,寿命n,
宝盈n,睿丰n,新动力n,专户n,打新v,配售v,净值n,进取v,基金n,爆仓v,
消费税n,成品油n,零售v,搁浅v,零售价n,节省n,加油站n,汽油n,油价n,汽柴油n,
油价n,成品油n,师傅n,石油价格n,李亚宁n,石油n,新能源n,块钱n,市场原油n,发布会n,
欧美n,好似v,聋子n,耳朵n,摆设v,参考价格n,算法n,自动v,交易系统n,世界观n,
龙哥n,开户n,群里n,驻点n,提成v,客户n,客户经理n,发到v,信群n,巡点n,
韩国n,时创n,红线n,门槛n,宣布v,休市v,创业板n,下跌v,触发v,实行v,
纽约证交所n,调用v,推迟v,界面n,工业n,图片n,视觉n,华尔街日报n,发生冲突n,点数n,
日元n,科斯n,达克n,韩国n,刷新v,新高v,金价n,黄金n,受惊v,避险v,
吕琪n,兴业n,处罚v,专户n,部副n,真话n,删除v,公司员工n,空调n,言论n,
伤心n,著想n,金融服务n,议员n,张华峰n,负责v,明朗化n,时任n,刘士余n,下决心v,
肖钢n,火山口n,犯错v,员示n,钢铁n,白头翁n,山西省n,坐在v,免去v,接任v,
事务所n,达晓n,律师n,机关n,答复v,告知v,反馈v,获取v,具体意见v,林蔚n,
